{"cameraMode":{"drawMode":0,"name":"Shaded","section":"Shading Mode"},"sceneLighting":true,"audioPlay":false,"sceneViewState":{"m_AlwaysRefresh":false,"showFog":true,"showSkybox":true,"showFlares":true,"showImageEffects":true,"showParticleSystems":true,"showVisualEffectGraphs":true,"m_FxEnabled":true},"in2DMode":false,"pivot":{"x":2.1838982105255129,"y":0.07312297821044922,"z":0.5904570817947388},"rotation":{"x":-0.6674759984016419,"y":0.00044414374860934913,"z":-0.00039925947203300893,"w":-0.7446376085281372},"size":6.69204568862915,"orthographic":false}