{"cameraMode":{"drawMode":0,"name":"Shaded","section":"Shading Mode"},"sceneLighting":true,"audioPlay":false,"sceneViewState":{"m_AlwaysRefresh":false,"showFog":true,"showSkybox":true,"showFlares":true,"showImageEffects":true,"showParticleSystems":true,"showVisualEffectGraphs":true,"m_FxEnabled":true},"in2DMode":false,"pivot":{"x":6.1167168617248539,"y":4.249228477478027,"z":20.992767333984376},"rotation":{"x":0.40677979588508608,"y":0.23277117311954499,"z":-0.10798971354961395,"w":0.8767637610435486},"size":26.74380874633789,"orthographic":false}